0.0006,0,0.028
0.0515,0.0,0.036
0.1013,0.0,0.044
0.1514,0.0,0.052
0.2012,0.0,0.06
0.2518,0.0,0.068
0.3016,0.0,0.076
0.3515,0.0,0.084
0.4014,0.0,0.092
0.4513,0.0,0.1
0.5011,0.0,0.108
0.5513,0.0,0.116
0.6014,0.0,0.124
0.6512,0.0,0.132
0.7011,0.0,0.14
0.7513,0.0,0.148
0.8018,0.0,0.156
0.8514,0.0,0.164
0.9013,0.0,0.172
0.9511,0.0,0.18
1.0011,0.0,0.188
1.0511,0.0,0.196
1.1013,0.0,0.204
1.1517,0.0,0.212
1.2023,0.0,0.22
1.2512,0.0,0.228
1.3013,0.0,0.236
1.3524,0.0,0.244
1.4011,0.0,0.252
1.4512,0.0,0.26
1.5012,0.0,0.268
1.5514,0.0,0.276
1.6013,0.0,0.284
1.6512,0.0,0.292
1.7012,0.0,0.3
1.7512,0.0,0.308
1.8014,0.0,0.316
1.8524,0.0,0.324
1.9012,0.0,0.332
1.9516,0.0,0.34
2.002,0.0,0.348
2.0518,0.0,0.356
2.1033,0.0,0.364
2.1523,0.0,0.372
2.2012,0.0,0.38
2.2519,0.0,0.388
2.3011,0.0,0.396
2.3518,0.0,0.404
2.4016,0.0,0.412
2.4514,0.0,0.42
2.5013,0.0,0.428
2.5511,0.0,0.436
2.601,0.0,0.444
2.6512,0.0,0.452
2.7021,0.0,0.46
2.758,0.0,0.468
2.8027,0.0,0.476
2.8514,0.0,0.484
2.902,0.0,0.492
2.9512,0.0,0.5
3.0033,0.0,0.508
3.0516,0.0,0.516
3.1012,0.0,0.524
3.1515,0.0,0.532
3.2016,0.0,0.54
3.2515,0.0,0.548
3.3031,0.0,0.556
3.3541,0.0,0.564
3.4024,0.0,0.572
3.4537,0.0,0.58
3.5012,0.0,0.588
3.5532,0.0,0.596
3.6032,0.0,0.604
3.6536,0.0,0.612
3.7012,0.0,0.62
3.7525,0.0,0.628
0.0005,0,0.025
0.0511,0.0,0.03
0.1013,0.0,0.035
0.1521,0.0,0.04
0.2012,0.0,0.045
0.2513,0.0,0.05
0.3012,0.0,0.055
0.352,0.0,0.06
0.4016,0.0,0.065
0.4511,0.0,0.07
0.5018,0.0,0.075
0.5512,0.0,0.08
0.6014,0.0,0.085
0.6543,0.0,0.09
0.7016,0.0,0.095
0.7514,0.0,0.1
0.8023,0.0,0.105
0.8513,0.0,0.11
0.9014,0.0,0.115
0.9513,0.0,0.12
1.0016,0.0,0.125
1.0518,0.0,0.13
1.1051,0.0,0.135
1.1517,0.0,0.14
1.2016,0.0,0.145
1.2517,0.0,0.15
1.3013,0.0,0.155
1.3513,0.0,0.16
1.4016,0.0,0.165
1.4524,0.0,0.17
1.5012,0.0,0.175
1.5511,0.0,0.18
1.6013,0.0,0.185
1.6512,0.0,0.19
1.7014,0.0,0.195
1.7514,0.0,0.2
1.8013,0.0,0.205
1.8525,0.0,0.21
0.0004,0,0.021
0.051,0.0,0.022
0.1014,0.0,0.023
0.152,0.0,0.024
0.2024,0.0,0.025
0.256,0.0,0.026
0.3069,0.0,0.027
0.3511,0.0,0.028
0.4028,0.0,0.029
0.4514,0.0,0.03
0.5016,0.0,0.031
0.5545,0.0,0.032
0.6012,0.0,0.033
0.6527,0.0,0.034
0.7025,0.0,0.035
0.7523,0.0,0.036
0.8011,0.0,0.037
0.8511,0.0,0.038
0.9012,0.0,0.039
0.9513,0.0,0.04
1.0021,0.0,0.041
1.0541,0.0,0.042
1.1012,0.0,0.043
1.1655,0.0,0.044
1.2012,0.0,0.045
1.2512,0.0,0.046
1.3026,0.0,0.047
1.3512,0.0,0.048
1.4015,0.0,0.049
1.4527,0.0,0.05
1.5018,0.0,0.051
1.5526,0.0,0.052
1.6019,0.0,0.053
1.6519,0.0,0.054
1.7015,0.0,0.055
1.7529,0.0,0.056
1.8017,0.0,0.057
1.8516,0.0,0.058
1.9013,0.0,0.059
1.9512,0.0,0.06
2.0019,0.0,0.061
2.0512,0.0,0.062
2.1013,0.0,0.063
2.1515,0.0,0.064
2.2014,0.0,0.065
2.2515,0.0,0.066
2.3024,0.0,0.067
0.0006,0,0.021
0.0526,0.0,0.022
0.1025,10.0,0.023
0.1521,45.3,0.024
0.2019,70.9,0.025
0.2517,88.6,0.026
0.3016,99.6,0.027
0.3538,110.7,0.028
0.4017,117.7,0.029
0.453,123.6,0.03
0.502,131.7,0.031
0.5526,134.6,0.032
0.602,142.0,0.033
0.6526,146.7,0.034
0.7024,151.7,0.035
0.7525,158.1,0.036
0.8023,163.0,0.037
0.8529,169.2,0.038
0.9022,173.7,0.039
0.9524,179.9,0.04
1.0034,186.1,0.041
1.0523,190.5,0.042
1.1022,196.3,0.043
1.1526,201.5,0.044
1.2024,205.7,0.045
1.2528,210.7,0.046
1.3024,216.5,0.047
1.3526,222.4,0.048
1.4023,225.6,0.049
1.4608,233.1,0.05
1.5027,237.6,0.051
1.5531,244.0,0.052
1.6034,248.3,0.053
1.6636,253.0,0.054
1.7032,258.1,0.055
1.752,264.0,0.056
1.8031,269.6,0.057
1.8521,273.8,0.058
1.9023,280.7,0.059
1.9607,287.3,0.06
2.0038,289.7,0.061
2.0519,294.7,0.062
2.1014,300.5,0.063
2.1521,306.3,0.064
2.2025,310.3,0.065
2.2587,317.3,0.066
2.3015,322.3,0.067
2.3518,328.8,0.068
2.4017,332.7,0.069
2.4519,336.3,0.07
2.5019,342.6,0.071
2.5533,347.9,0.072
2.6015,352.1,0.073
2.6527,359.1,0.074
2.702,363.7,0.075
2.7522,369.6,0.076
2.8014,376.0,0.077
2.855,381.3,0.078
2.9016,386.5,0.079
2.952,391.0,0.08
3.0018,395.5,0.081
3.0539,401.2,0.082
3.1026,406.9,0.083
3.1609,410.9,0.084
3.2026,415.7,0.085
3.2525,421.4,0.086
3.3037,427.1,0.087
3.3523,433.4,0.088
3.4025,437.0,0.089
3.4524,443.3,0.09
3.5051,449.1,0.091
3.5522,454.9,0.092
3.6031,460.5,0.093
3.652,463.1,0.094
3.7041,470.8,0.095
3.7526,475.3,0.096
3.8032,481.4,0.097
3.8526,484.2,0.098
3.9021,489.5,0.099
3.9523,497.1,0.1
4.0026,501.6,0.101
4.0525,503.4,0.102
4.1022,511.3,0.103
4.1521,517.1,0.104
4.2023,523.3,0.105
4.2522,527.3,0.106
4.3022,531.8,0.107
4.3521,538.9,0.108
4.4028,545.5,0.109
4.4528,550.4,0.11
4.5029,554.4,0.111
4.5525,558.9,0.112
4.6025,563.7,0.113
4.6529,570.1,0.114
4.7024,574.5,0.115
4.7553,581.9,0.116
4.8018,584.7,0.117
4.856,591.6,0.118
4.9028,596.7,0.119
4.9522,598.6,0.12
5.0043,605.4,0.121
5.0537,614.1,0.122
5.1039,620.0,0.123
5.152,623.1,0.124
5.2018,629.6,0.125
5.2519,633.5,0.126
5.3015,640.4,0.127
5.3519,642.9,0.128
5.4016,652.9,0.129
5.4526,655.8,0.13
5.5021,662.2,0.131
5.552,664.0,0.132
5.6018,674.0,0.133
5.6521,677.7,0.134
5.7023,679.1,0.135
5.7524,686.5,0.136
5.8028,691.6,0.137
5.8521,697.3,0.138
5.9023,704.8,0.139
5.9518,708.3,0.14
6.0029,712.6,0.141
6.0554,720.4,0.142
6.1013,720.3,0.143
6.1578,728.6,0.144
6.202,733.8,0.145
6.2523,744.0,0.146
6.3041,746.3,0.147
6.3527,746.5,0.148
6.4019,754.7,0.149
6.4516,759.6,0.15
6.5024,770.9,0.151
6.552,769.1,0.152
6.6017,771.5,0.153
6.6515,786.3,0.154
6.7017,788.1,0.155
6.7517,795.3,0.156
6.8015,799.3,0.157
6.8542,807.6,0.158
6.9057,809.7,0.159
6.9521,817.6,0.16
7.0015,823.5,0.161
7.0522,825.4,0.162
7.102,830.2,0.163
7.1519,837.0,0.164
7.2031,840.7,0.165
7.2519,849.3,0.166
7.3024,848.1,0.167
7.3521,856.3,0.168
7.4017,864.2,0.169
7.4525,865.1,0.17
7.5019,876.2,0.171
7.5521,879.0,0.172
7.6026,882.7,0.173
7.6553,891.7,0.174
7.7024,897.2,0.175
7.752,894.2,0.176
7.8089,902.2,0.177
7.8531,909.4,0.178
7.902,911.1,0.179
7.9524,921.3,0.18
8.0021,923.0,0.181
8.0523,920.4,0.182
8.1018,941.1,0.183
8.1524,937.2,0.184
8.2029,951.1,0.185
8.2516,956.7,0.186
8.3073,955.0,0.187
8.3525,966.5,0.188
8.4019,965.8,0.189
8.4518,980.7,0.19
8.5021,984.6,0.191
8.5554,979.8,0.192
8.6015,983.5,0.193
8.6517,991.4,0.194
8.703,995.8,0.195
8.7515,1009.5,0.196
8.8024,1015.4,0.197
8.8546,1017.4,0.198
8.9032,1020.7,0.199
8.9539,1036.0,0.2
9.0024,1037.4,0.201
9.0526,1046.3,0.202
9.1023,1047.8,0.203
9.1516,1056.0,0.204
9.2023,1062.8,0.205
9.2526,1072.9,0.206
9.3012,1066.1,0.207
9.3521,1075.1,0.208
9.4021,1079.1,0.209
9.4541,1081.0,0.21
9.5024,1088.8,0.211
9.5608,1099.3,0.212
9.6036,1101.2,0.213
9.6534,1110.2,0.214
9.7024,1113.3,0.215
9.7538,1120.6,0.216
9.8018,1118.4,0.217
9.8516,1133.7,0.218
9.9015,1135.4,0.219
9.9524,1144.4,0.22
10.0037,1149.0,0.221
10.0524,1147.1,0.222
10.1027,1149.5,0.223
10.1525,1161.9,0.224
10.2022,1162.2,0.225
10.2533,1165.2,0.226
10.302,1172.2,0.227
10.3554,1180.8,0.228
10.4184,1183.7,0.229
10.4533,1184.6,0.23
10.5013,1199.5,0.231
10.552,1198.2,0.232
10.6018,1205.8,0.233
10.6518,1218.5,0.234
10.7021,1225.7,0.235
10.7517,1226.6,0.236
10.8018,1224.6,0.237
10.8518,1232.2,0.238
10.9018,1238.4,0.239
10.9525,1238.9,0.24
11.0019,1251.3,0.241
11.0519,1255.1,0.242
11.1023,1262.2,0.243
11.1518,1256.1,0.244
11.2019,1270.1,0.245
11.2536,1271.7,0.246
11.3021,1278.9,0.247
11.3528,1292.6,0.248
11.4018,1295.2,0.249
11.4518,1289.2,0.25
11.5018,1303.5,0.251
11.5515,1311.6,0.252
11.6019,1302.1,0.253
11.6524,1320.4,0.254
11.7019,1323.3,0.255
11.7525,1323.8,0.256
11.8032,1332.7,0.257
11.8518,1336.4,0.258
11.9024,1340.3,0.259
11.9514,1344.1,0.26
12.002,1349.4,0.261
12.0524,1364.9,0.262
12.1018,1361.4,0.263
12.1522,1383.9,0.264
12.2019,1369.8,0.265
12.2523,1388.5,0.266
12.3012,1378.3,0.267
12.3514,1384.9,0.268
12.4013,1404.4,0.269
12.4549,1401.2,0.27
12.5025,1405.4,0.271
12.5519,1407.0,0.272
12.6019,1417.8,0.273
12.6514,1415.8,0.274
12.7019,1430.7,0.275
12.7516,1433.9,0.276
12.802,1431.7,0.277
12.8517,1443.0,0.278
12.9019,1448.1,0.279
12.952,1470.6,0.28
13.0027,1473.2,0.281
13.0516,1468.3,0.282
13.1018,1469.6,0.283
13.1518,1479.2,0.284
13.2028,1490.6,0.285
13.252,1480.4,0.286
13.3016,1492.6,0.287
13.352,1502.5,0.288
13.4017,1495.0,0.289
13.452,1506.4,0.29
13.5024,1503.4,0.291
13.5525,1517.7,0.292
13.6018,1519.6,0.293
13.6524,1527.4,0.294
13.7022,1536.9,0.295
13.7582,1547.6,0.296
13.8018,1536.0,0.297
13.8516,1553.6,0.298
13.9027,1546.8,0.299
13.9516,1568.6,0.3
14.0024,1573.2,0.301
14.0525,1571.5,0.302
14.1086,1572.2,0.303
14.1528,1580.7,0.304
14.2026,1592.5,0.305
14.2523,1599.2,0.306
14.3025,1589.2,0.307
14.3528,1599.5,0.308
14.4021,1611.0,0.309
14.4517,1615.0,0.31
14.5017,1624.6,0.311
14.5529,1624.7,0.312
14.6047,1633.4,0.313
14.6523,1635.8,0.314
14.702,1630.5,0.315
14.7521,1636.1,0.316
14.8014,1675.0,0.317
14.8515,1636.0,0.318
14.903,1648.3,0.319
14.9518,1655.5,0.32
15.0017,1676.4,0.321
15.0519,1675.8,0.322
15.1018,1674.7,0.323
15.1519,1670.4,0.324
15.2017,1690.9,0.325
15.2523,1691.8,0.326
15.3021,1696.2,0.327
15.356,1700.6,0.328
15.4015,1700.9,0.329
15.4517,1710.5,0.33
15.5018,1713.9,0.331
15.5533,1735.1,0.332
15.6022,1726.3,0.333
15.6517,1741.9,0.334
15.7021,1735.6,0.335
15.752,1753.7,0.336
15.8019,1759.7,0.337
15.8526,1760.3,0.338
15.9019,1766.2,0.339
15.9519,1765.1,0.34
16.0025,1777.1,0.341
16.0515,1769.3,0.342
16.1094,1795.0,0.343
16.1524,1795.4,0.344
16.2016,1790.3,0.345
16.2517,1807.0,0.346
16.302,1793.6,0.347
16.3535,1797.4,0.348
16.402,1812.0,0.349
16.4521,1819.6,0.35
16.503,1815.4,0.351
16.5524,1835.2,0.352
16.6034,1829.3,0.353
16.6521,1848.0,0.354
16.7018,1852.0,0.355
16.7516,1848.4,0.356
16.8024,1858.0,0.357
16.8521,1867.0,0.358
16.9037,1860.8,0.359
16.9523,1865.5,0.36
17.0024,1884.1,0.361
17.0528,1888.4,0.362
17.1024,1890.1,0.363
17.1536,1897.3,0.364
17.2022,1899.1,0.365
17.2539,1901.7,0.366
17.3012,1917.4,0.367
17.3532,1920.0,0.368
17.4023,1925.9,0.369
17.4526,1921.5,0.37
17.5021,1932.5,0.371
17.552,1930.5,0.372
17.6022,1940.5,0.373
17.6513,1933.3,0.374
17.7014,1952.0,0.375
17.7513,1950.7,0.376
17.8018,1967.0,0.377
17.8518,1971.2,0.378
17.9019,1963.9,0.379
17.9534,1975.7,0.38
18.0016,1976.6,0.381
18.0519,1997.9,0.382
18.1021,1990.7,0.383
18.1519,2008.4,0.384
18.2023,1996.3,0.385
18.2555,2009.4,0.386
18.3016,2020.8,0.387
18.3525,2015.8,0.388
18.4015,2029.2,0.389
18.4514,2032.9,0.39
18.5021,2032.8,0.391
18.5516,2040.8,0.392
18.6017,2048.1,0.393
18.6523,2047.6,0.394
18.702,2065.1,0.395
18.7522,2064.2,0.396
18.802,2078.3,0.397
18.8529,2081.1,0.398
18.9032,2069.6,0.399
18.9517,2082.2,0.4
19.0057,2092.5,0.401
19.0515,2099.4,0.402
19.1026,2098.1,0.403
19.1608,2097.7,0.404
19.2023,2114.1,0.405
19.2515,2110.3,0.406
19.3016,2122.3,0.407
19.3544,2121.1,0.408
19.4023,2129.6,0.409
19.4591,2135.4,0.41
19.502,2147.6,0.411
19.5533,2138.1,0.412
19.6082,2153.0,0.413
19.6523,2159.8,0.414
19.7035,2167.4,0.415
19.752,2163.5,0.416
19.8018,2177.6,0.417
19.852,2178.5,0.418
19.902,2187.9,0.419
19.9518,2184.3,0.42
20.0024,2192.9,0.421
20.0525,2196.1,0.422
20.1018,2213.0,0.423
20.1593,2217.7,0.424
20.2018,2224.3,0.425
20.2524,2218.3,0.426
20.3023,2225.1,0.427
20.3517,2231.1,0.428
20.4017,2248.1,0.429
20.4518,2241.8,0.43
20.5033,2249.1,0.431
20.5535,2251.9,0.432
20.6028,2258.7,0.433
20.6527,2269.0,0.434
20.7025,2274.8,0.435
20.7526,2277.0,0.436
20.8045,2284.3,0.437
20.8522,2289.4,0.438
20.9023,2283.5,0.439
20.9521,2300.9,0.44
21.0042,2292.7,0.441
21.052,2307.8,0.442
21.1021,2313.0,0.443
21.1524,2312.8,0.444
21.2029,2322.5,0.445
21.2532,2330.1,0.446
21.3061,2334.4,0.447
21.3526,2344.8,0.448
21.403,2349.0,0.449
21.4524,2345.2,0.45
21.5015,2355.1,0.451
21.5521,2365.8,0.452
21.6019,2367.5,0.453
21.6524,2373.7,0.454
21.7024,2378.0,0.455
21.7525,2368.3,0.456
21.8023,2387.2,0.457
21.8556,2388.5,0.458
21.9024,2401.5,0.459
21.9523,2406.8,0.46
22.0018,2410.5,0.461
22.0523,2415.1,0.462
22.1027,2420.5,0.463
22.1529,2426.1,0.464
22.2029,2429.9,0.465
22.2515,2434.3,0.466
22.3017,2438.5,0.467
22.3515,2443.3,0.468
22.4015,2447.6,0.469
22.4517,2456.0,0.47
22.5014,2465.6,0.471
22.5515,2469.2,0.472
22.6052,2467.5,0.473
22.6523,2474.6,0.474
22.7024,2483.1,0.475
22.7521,2483.0,0.476
22.8021,2492.4,0.477
22.8519,2501.3,0.478
22.9029,2505.7,0.479
22.9533,2509.5,0.48
23.0023,2512.7,0.481
23.0522,2524.7,0.482
23.1028,2534.0,0.483
23.1526,2534.1,0.484
23.2027,2534.1,0.485
23.2524,2541.9,0.486
23.3081,2539.8,0.487
23.3526,2563.0,0.488
23.4076,2553.0,0.489
23.4517,2555.8,0.49
23.5022,2560.9,0.491
23.5514,2574.3,0.492
23.6015,2575.5,0.493
23.6518,2583.6,0.494
23.702,2583.2,0.495
23.7521,2585.4,0.496
23.8018,2588.8,0.497
23.8515,2602.7,0.498
23.9025,2605.4,0.499
23.9522,2612.7,0.5
24.0019,2614.0,0.501
24.0519,2625.1,0.502
24.1023,2633.1,0.503
24.1519,2631.6,0.504
24.203,2645.6,0.505
24.2529,2649.7,0.506
24.3022,2646.7,0.507
24.3519,2651.8,0.508
24.4018,2658.9,0.509
24.4517,2664.6,0.51
24.5023,2678.0,0.511
24.5528,2670.9,0.512
24.6029,2689.8,0.513
24.6515,2684.5,0.514
24.7015,2692.6,0.515
24.7524,2700.1,0.516
24.8033,2705.6,0.517
24.8522,2721.8,0.518
24.9022,2712.5,0.519
24.9521,2719.6,0.52
25.0022,2727.8,0.521
25.0553,2728.3,0.522
25.1025,2746.2,0.523
25.1519,2742.1,0.524
25.202,2752.9,0.525
25.2518,2748.8,0.526
25.3024,2751.3,0.527
25.3535,2760.7,0.528
25.4044,2771.8,0.529
25.4529,2775.8,0.53
25.5022,2774.6,0.531
25.5517,2781.6,0.532
25.6019,2781.6,0.533
25.6522,2787.4,0.534
25.7021,2802.0,0.535
25.7521,2810.1,0.536
25.8036,2800.8,0.537
25.8523,2814.4,0.538
25.9017,2820.3,0.539
25.952,2824.0,0.54
26.0022,2833.1,0.541
26.0518,2831.6,0.542
26.1019,2836.9,0.543
26.1532,2842.3,0.544
26.2028,2841.4,0.545
26.2571,2853.6,0.546
26.3025,2870.3,0.547
26.3525,2872.5,0.548
26.4026,2872.6,0.549
26.4519,2885.5,0.55
26.5021,2879.7,0.551
26.5523,2881.8,0.552
26.6026,2897.2,0.553
26.6522,2899.8,0.554
26.7022,2904.0,0.555
26.7521,2908.6,0.556
26.8022,2918.5,0.557
26.8523,2923.9,0.558
26.9022,2927.4,0.559
26.9521,2929.3,0.56
27.0014,2934.6,0.561
27.0521,2939.6,0.562
27.1026,2943.8,0.563
27.1523,2954.9,0.564
27.2031,2955.8,0.565
27.2525,2964.2,0.566
27.3023,2975.4,0.567
27.3525,2970.4,0.568
27.4023,2971.7,0.569
27.4523,2986.9,0.57
27.5021,2983.5,0.571
27.5552,3000.2,0.572
27.6027,3003.4,0.573
27.6533,3003.2,0.574
27.7026,3012.3,0.575
27.7526,3019.5,0.576
27.8028,3015.6,0.577
27.8525,3023.5,0.578
27.9023,3037.1,0.579
27.9533,3035.0,0.58
28.0023,3046.4,0.581
28.0546,3043.6,0.582
28.1025,3054.4,0.583
28.1528,3051.8,0.584
28.2031,3056.7,0.585
28.2522,3065.0,0.586
28.3013,3076.0,0.587
28.352,3083.3,0.588
28.4016,3086.8,0.589
28.4522,3085.7,0.59
28.5023,3085.2,0.591
28.5523,3105.4,0.592
28.6024,3107.5,0.593
28.6608,3109.9,0.594
28.702,3112.5,0.595
28.753,3121.5,0.596
28.8027,3130.6,0.597
28.8527,3138.5,0.598
28.9025,3132.1,0.599
28.9521,3147.7,0.6
29.0044,3147.6,0.601
29.055,3157.3,0.602
29.1022,3156.9,0.603
29.1521,3165.3,0.604
29.2029,3173.8,0.605
29.2552,3173.4,0.606
29.3024,3174.7,0.607
29.3518,3191.3,0.608
29.4018,3192.1,0.609
29.4515,3188.3,0.61
29.5023,3201.0,0.611
29.5518,3204.3,0.612
29.6046,3213.9,0.613
29.6535,3218.9,0.614
29.7023,3218.5,0.615
29.7559,3225.8,0.616
29.8026,3231.8,0.617
29.8514,3238.0,0.618
29.9021,3240.0,0.619
29.9519,3247.1,0.62
30.0022,3258.6,0.621
30.0519,3264.8,0.622
30.1019,3259.4,0.623
30.1522,3267.6,0.624
30.2013,3281.5,0.625
30.2513,3275.9,0.626
30.3015,3293.0,0.627
30.3526,3287.8,0.628
30.4025,3304.4,0.629
30.4515,3300.2,0.63
30.5023,3307.8,0.631
30.5523,3316.3,0.632
30.6023,3314.2,0.633
30.6531,3323.0,0.634
30.7024,3324.4,0.635
30.7527,3337.0,0.636
30.8022,3342.8,0.637
30.8541,3348.2,0.638
30.9031,3342.6,0.639
30.9526,3358.6,0.64
31.0017,3365.2,0.641
31.0518,3368.7,0.642
31.1018,3369.3,0.643
31.1515,3380.4,0.644
31.2027,3386.8,0.645
31.2538,3389.7,0.646
31.3038,3396.2,0.647
31.3516,3394.7,0.648
31.4017,3394.6,0.649
31.4517,3418.2,0.65
31.5018,3414.1,0.651
31.5518,3422.1,0.652
31.6021,3420.8,0.653
31.6527,3427.6,0.654
31.7017,3442.7,0.655
31.7514,3442.5,0.656
31.8016,3447.0,0.657
31.8518,3445.3,0.658
31.9015,3447.8,0.659
31.9525,3461.5,0.66
32.0021,3465.5,0.661
32.0534,3475.8,0.662
32.1026,3475.7,0.663
32.1526,3482.9,0.664
32.2023,3491.5,0.665
32.2528,3496.2,0.666
32.3021,3499.7,0.667
32.352,3506.3,0.668
32.4021,3502.4,0.669
32.4522,3516.7,0.67
32.5022,3517.0,0.671
32.5522,3521.2,0.672
32.6023,3529.5,0.673
32.6525,3532.1,0.674
32.7015,3548.5,0.675
32.7523,3542.0,0.676
32.8034,3550.4,0.677
32.8534,3560.9,0.678
32.9026,3560.9,0.679
32.9524,3565.6,0.68
33.0028,3574.1,0.681
33.0522,3585.3,0.682
33.1019,3579.5,0.683
33.1521,3586.4,0.684
33.2019,3594.7,0.685
33.2557,3592.6,0.686
33.3029,3613.2,0.687
33.3531,3600.4,0.688
33.4027,3611.9,0.689
33.4527,3617.8,0.69
33.5027,3624.9,0.691
33.5523,3628.5,0.692
33.6038,3637.8,0.693
33.6526,3628.2,0.694
33.703,3634.0,0.695
33.752,3642.2,0.696
33.8017,3649.6,0.697
33.8519,3661.3,0.698
33.9064,3672.9,0.699
33.9518,3674.7,0.7
34.0084,3670.1,0.701
34.0527,3683.5,0.702
34.1016,3680.7,0.703
34.1518,3697.9,0.704
34.2015,3698.1,0.705
34.2517,3711.8,0.706
34.3027,3709.2,0.707
34.3521,3715.3,0.708
34.4017,3715.8,0.709
34.4515,3735.3,0.71
34.5014,3730.4,0.711
34.5515,3742.9,0.712
34.603,3737.4,0.713
34.6517,3753.2,0.714
34.7015,3750.0,0.715
34.7525,3756.2,0.716
34.8023,3763.9,0.717
34.8526,3771.2,0.718
34.9018,3771.4,0.719
34.9516,3778.8,0.72
35.0028,3779.6,0.721
35.0585,3785.0,0.722
35.1051,3799.5,0.723
35.1528,3804.8,0.724
35.2018,3807.6,0.725
35.2517,3806.9,0.726
35.3015,3818.2,0.727
35.3517,3816.2,0.728
35.4019,3819.3,0.729
35.4524,3828.8,0.73
35.5026,3843.9,0.731
35.5528,3839.5,0.732
35.6026,3846.1,0.733
35.6607,3844.5,0.734
35.7023,3849.1,0.735
35.756,3868.5,0.736
35.8024,3871.6,0.737
35.8538,3871.0,0.738
35.9028,3870.4,0.739
35.952,3890.1,0.74
36.0026,3893.6,0.741
36.0522,3890.4,0.742
36.1025,3901.5,0.743
36.1522,3902.8,0.744
36.2032,3903.9,0.745
36.2515,3915.8,0.746
36.3018,3927.2,0.747
36.3517,3923.2,0.748
36.4017,3923.6,0.749
36.4513,3929.5,0.75
36.5023,3934.1,0.751
36.552,3940.2,0.752
36.6023,3953.3,0.753
36.6524,3957.7,0.754
36.7016,3965.7,0.755
36.7516,3973.9,0.756
36.8022,3969.5,0.757
36.8527,3982.4,0.758
36.9023,3980.9,0.759
36.953,3984.1,0.76
37.0017,3998.8,0.761
37.0526,4000.6,0.762
37.1023,3996.4,0.763
37.1523,4002.5,0.764
37.202,4016.7,0.765
37.252,4013.5,0.766
37.302,4029.7,0.767
37.3521,4025.9,0.768
37.4016,4040.8,0.769
37.4517,4037.7,0.77
37.5016,4045.7,0.771
37.5519,4052.1,0.772
37.6023,4058.6,0.773
37.6518,4059.5,0.774
37.7026,4062.1,0.775
37.7521,4066.3,0.776
37.8021,4078.2,0.777
37.8527,4082.6,0.778
37.9021,4081.0,0.779
37.9571,4086.4,0.78
38.0015,4095.2,0.781
38.0526,4096.6,0.782
38.1021,4106.8,0.783
38.1521,4117.5,0.784
38.2033,4122.2,0.785
38.2523,4123.6,0.786
38.3019,4131.6,0.787
38.3518,4131.2,0.788
38.4015,4146.7,0.789
38.4516,4150.7,0.79
38.5014,4144.4,0.791
38.5516,4149.2,0.792
38.6014,4165.8,0.793
38.6518,4161.7,0.794
38.7016,4166.3,0.795
38.7517,4169.4,0.796
38.8015,4177.3,0.797
38.8538,4188.7,0.798
38.9037,4196.7,0.799
38.9517,4194.4,0.8
39.0023,4207.7,0.799
39.0524,4205.6,0.798
39.1024,4196.9,0.797
39.1518,4180.7,0.796
39.2016,4181.7,0.795
39.2523,4179.4,0.794
39.3024,4174.8,0.793
39.3516,4170.6,0.792
39.4016,4157.0,0.791
39.4515,4160.0,0.79
39.5016,4154.9,0.789
39.5518,4151.7,0.788
39.6016,4144.8,0.787
39.6515,4138.0,0.786
39.7014,4138.8,0.785
39.7519,4128.1,0.784
39.8022,4127.7,0.783
39.8533,4119.0,0.782
39.9024,4107.7,0.781
39.9516,4109.4,0.78
40.0024,4095.8,0.779
40.0518,4092.6,0.778
40.1018,4094.0,0.777
40.1531,4077.0,0.776
40.2016,4083.0,0.775
40.2523,4072.6,0.774
40.3027,4075.3,0.773
0.0005,0,0.021
0.0522,0,0.022
0.102,0,0.023
0.1529,0,0.024
0.2031,0,0.025
0.2516,0,0.026
0.3014,0,0.027
0.3514,0,0.028
0.4014,0,0.029
0.4514,0,0.03
0.5015,0,0.031
0.5514,0,0.032
0.6016,0,0.033
0.6519,0,0.034
0.7018,0,0.035
0.7514,0,0.036
0.8014,0,0.037
0.8613,0,0.038
0.9013,0,0.039
0.9516,0,0.04
1.0014,0,0.041
1.0516,0,0.042
1.1015,0,0.043
1.1566,0,0.044
1.2013,0,0.045
1.2538,0,0.046
1.3013,0,0.047
1.3516,0,0.048
1.4027,0,0.049
1.454,0,0.05
1.5034,0,0.051
1.5523,0,0.052
1.6014,0,0.053
1.6516,0,0.054
1.7013,0,0.055
1.7516,0,0.056
1.8016,0,0.057
1.8515,0,0.058
1.9036,0,0.059
1.9516,0,0.06
2.0014,0,0.061
2.052,0,0.062
2.1016,0,0.063
2.1514,0,0.064
2.2016,0,0.065
2.2519,0,0.066
2.3018,0,0.067
2.3592,0,0.068
2.4013,0,0.069
2.4515,0,0.07
2.5014,0,0.071
2.5513,0,0.072
2.6017,0,0.073
2.6512,0,0.074
2.703,0,0.075
2.7514,0,0.076
2.8035,0,0.077
2.8536,0,0.078
2.9025,0,0.079
2.9536,0,0.08
3.0019,0,0.081
3.0547,0,0.082
3.1038,0,0.083
3.1512,0,0.084
3.2033,0,0.085
3.2519,0,0.086
3.3016,0,0.087
3.3521,0,0.088
3.4012,0,0.089
3.4531,0,0.09
3.5022,0,0.091
3.5522,0,0.092
3.6013,0,0.093
3.6517,0,0.094
3.7035,0,0.095
3.752,0,0.096
3.8012,0,0.097
3.8539,0,0.098
3.9046,0,0.099
3.9559,0,0.1
4.003,0,0.101
4.0526,0,0.102
4.1012,0,0.103
4.1532,0,0.104
4.2013,0,0.105
4.2539,0,0.106
4.3012,0,0.107
4.3514,0,0.108
4.4014,0,0.109
4.4513,0,0.11
4.5014,0,0.111
4.5515,0,0.112
4.6016,0,0.113
4.6515,0,0.114
4.7024,0,0.115
4.7595,0,0.116
4.8027,0,0.117
4.852,0,0.118
4.9015,0,0.119
4.9514,0,0.12
5.0014,0,0.121
5.0514,0,0.122
5.1014,0,0.123
5.1515,0,0.124
5.2013,0,0.125
0.0004,0,0.021
0.0506,0,0.022
0.1007,0,0.023
0.1506,0,0.024
0.2007,0,0.025
0.2507,0,0.026
0.3007,0,0.027
0.3506,0,0.028
0.4007,0,0.029
0.4507,0,0.03
0.501,0,0.031
0.5507,0,0.032
0.6006,0,0.033
0.6507,0,0.034
0.7006,0,0.035
0.7506,0,0.036
0.8007,0,0.037
0.8507,0,0.038
0.9007,0,0.039
0.9507,0,0.04
1.0006,0,0.041
1.0507,0,0.042
1.1007,0,0.043
1.1515,0,0.044
1.2008,0,0.045
1.2508,0,0.046
1.3008,0,0.047
1.3508,0,0.048
1.4008,0,0.049
1.4506,0,0.05
1.5006,0,0.051
1.5506,0,0.052
1.6007,0,0.053
1.6507,0,0.054
1.7006,0,0.055
1.7506,0,0.056
1.8006,0,0.057
1.8506,0,0.058
1.9006,0,0.059
1.9506,0,0.06
2.0006,0,0.061
2.0506,0,0.062
2.1006,0,0.063
2.1508,0,0.064
2.2008,0,0.065
2.2507,0,0.066
2.3008,0,0.067
2.3506,0,0.068
2.4006,0,0.069
2.4506,0,0.07
2.5006,0,0.071
2.5506,0,0.072
2.6006,0,0.073
2.6506,0,0.074
2.7006,0,0.075
2.7506,0,0.076
2.8006,0,0.077
2.8506,0,0.078
2.9006,0,0.079
2.9507,0,0.08
3.0007,0,0.081
3.0508,0,0.082
3.1008,0,0.083
3.1506,0,0.084
3.2006,0,0.085
3.2506,0,0.086
3.3007,0,0.087
3.3507,0,0.088
3.4007,0,0.089
3.4507,0,0.09
3.5008,0,0.091
3.5507,0,0.092
3.6007,0,0.093
3.6507,0,0.094
3.7008,0,0.095
3.7508,0,0.096
3.8007,0,0.097
3.851,0,0.098
3.9008,0,0.099
3.9508,0,0.1
4.0008,0,0.101
4.0509,0,0.102
4.101,0,0.103
4.1509,0,0.104
4.2007,0,0.105
4.2507,0,0.106
4.3007,0,0.107
4.3508,0,0.108
4.4007,0,0.109
4.451,0,0.11
4.5009,0,0.111
4.5509,0,0.112
4.601,0,0.113
4.6513,0,0.114
4.7013,0,0.115
4.7516,0,0.116
4.8011,0,0.117
4.8508,0,0.118
4.9013,0,0.119
4.9512,0,0.12
5.0012,0,0.121
5.0512,0,0.122
5.1015,0,0.123
5.1508,0,0.124
0.0004,0,0.021
0.0505,0,0.022
0.1007,0,0.023
0.1512,0,0.024
0.2008,0,0.025
0.2511,0,0.026
0.3007,0,0.027
0.3507,0,0.028
0.4007,0,0.029
0.4507,0,0.03
0.5007,0,0.031
0.5507,0,0.032
0.6007,0,0.033
0.6507,0,0.034
0.7018,0,0.035
0.7507,0,0.036
0.8009,0,0.037
0.8507,0,0.038
0.9007,0,0.039
0.9507,0,0.04
1.0006,0,0.041
1.0506,0,0.042
1.1006,0,0.043
1.1506,0,0.044
1.2006,0,0.045
1.2506,0,0.046
1.3011,0,0.047
1.353,0,0.048
1.4009,0,0.049
1.4506,0,0.05
1.5006,0,0.051
1.5507,0,0.052
1.6007,0,0.053
1.6506,0,0.054
1.7043,0,0.055
1.7512,0,0.056
1.8011,0,0.057
1.8507,0,0.058
1.9007,0,0.059
1.9507,0,0.06
2.0013,0,0.061
2.0507,0,0.062
2.1007,0,0.063
2.1507,0,0.064
2.2007,0,0.065
2.2508,0,0.066
2.301,0,0.067
2.3506,0,0.068
2.4007,0,0.069
2.4509,0,0.07
2.5027,0,0.071
2.5508,0,0.072
2.6007,0,0.073
2.6507,0,0.074
2.7008,0,0.075
2.7507,0,0.076
2.8008,0,0.077
2.8509,0,0.078
2.9034,0,0.079
2.9507,0,0.08
3.0011,0,0.081
3.0507,0,0.082
3.1007,0,0.083
3.1507,0,0.084
3.2035,0,0.085
3.2507,0,0.086
3.3007,0,0.087
3.3511,0,0.088
3.4011,0,0.089
3.4507,0,0.09
3.5007,0,0.091
3.5507,0,0.092
3.6008,0,0.093
3.6509,0,0.094
3.7008,0,0.095
3.7507,0,0.096
3.8013,0,0.097
3.8507,0,0.098
3.901,0,0.099
3.9507,0,0.1
4.0008,0,0.101
4.051,0,0.102
4.1007,0,0.103
4.1541,0,0.104
4.2008,0,0.105
4.2507,0,0.106
4.3007,0,0.107
4.3511,0,0.108
4.4007,0,0.109
4.4509,0,0.11
4.5008,0,0.111
4.5519,0,0.112
4.6007,0,0.113
4.6507,0,0.114
4.7009,0,0.115
4.7507,0,0.116
4.8012,0,0.117
4.8507,0,0.118
4.9011,0,0.119
4.9508,0,0.12
5.0014,0,0.121
5.0511,0,0.122
5.1015,0,0.123
5.1507,0,0.124
5.2011,0,0.125
5.2509,0,0.126
5.3008,0,0.127
5.3507,0,0.128
5.4013,0,0.129
5.4507,0,0.13
5.5006,0,0.131
5.5507,0,0.132
5.6012,0,0.133
5.6507,0,0.134
5.701,0,0.135
5.7507,0,0.136
5.8007,0,0.137
5.8507,0,0.138
5.9008,0,0.139
5.9513,0,0.14
6.0008,0,0.141
6.0509,0,0.142
6.1009,0,0.143
6.1507,0,0.144
6.2008,0,0.145
6.2508,0,0.146
6.3009,0,0.147
6.3507,0,0.148
6.4008,0,0.149
6.4514,0,0.15
6.501,0,0.151
6.551,0,0.152
6.6031,0,0.153
6.6515,0,0.154
6.7013,0,0.155
6.7507,0,0.156
6.8014,0,0.157
6.8512,0,0.158
6.9007,0,0.159
6.9507,0,0.16
7.0007,0,0.161
7.0512,0,0.162
7.1013,0,0.163
7.1537,0,0.164
7.2015,0,0.165
7.2508,0,0.166
7.3008,0,0.167
7.3508,0,0.168
0.0004,0,0.021
0.0506,0,0.022
0.1014,0,0.023
0.1524,0,0.024
0.2014,0,0.025
0.2507,0,0.026
0.3007,0,0.027
0.3511,0,0.028
0.4007,0,0.029
0.4513,0,0.03
0.5007,0,0.031
0.5507,0,0.032
0.6008,0,0.033
0.6518,0,0.034
0.7013,0,0.035
0.7507,0,0.036
0.8012,0,0.037
0.8507,0,0.038
0.9016,0,0.039
0.951,0,0.04
1.0008,0,0.041
1.0511,0,0.042
1.1059,0,0.043
1.1507,0,0.044
1.2008,0,0.045
1.2508,0,0.046
1.3008,0,0.047
1.3559,0,0.048
1.4008,0,0.049
1.4508,0,0.05
1.5007,0,0.051
1.5509,0,0.052
1.6008,0,0.053
1.651,0,0.054
1.7007,0,0.055
1.7507,0,0.056
1.8008,0,0.057
1.851,0,0.058
1.901,0,0.059
1.9507,0,0.06
2.0008,0,0.061
2.0508,0,0.062
2.1007,0,0.063
2.1507,0,0.064
2.2008,0,0.065
2.2508,0,0.066
2.3007,0,0.067
2.3507,0,0.068
2.4008,0,0.069
2.4508,0,0.07
2.5007,0,0.071
2.5509,0,0.072
2.6008,0,0.073
2.651,0,0.074
2.7011,0,0.075
2.7507,0,0.076
2.8008,0,0.077
2.8508,0,0.078
2.9009,0,0.079
2.9507,0,0.08
3.0013,0,0.081
3.0509,0,0.082
3.1008,0,0.083
3.1507,0,0.084
3.2008,0,0.085
3.2509,0,0.086
3.3007,0,0.087
3.3507,0,0.088
3.4009,0,0.089
3.451,0,0.09
3.5009,0,0.091
3.5508,0,0.092
3.6008,0,0.093
3.6508,0,0.094
3.7007,0,0.095
3.7514,0,0.096
3.8007,0,0.097
3.8513,0,0.098
3.9012,0,0.099
3.9508,0,0.1
4.0007,0,0.101
4.0508,0,0.102
4.1014,0,0.103
4.1507,0,0.104
4.2007,0,0.105
4.2516,0,0.106
4.3061,0,0.107
4.3516,0,0.108
4.4006,0,0.109
4.4506,0,0.11
4.5007,0,0.111
4.5508,0,0.112
4.6007,0,0.113
4.6508,0,0.114
4.7012,0,0.115
4.7516,0,0.116
4.8018,0,0.117
4.8509,0,0.118
4.9015,0,0.119
4.9507,0,0.12
0.0004,0,0.021
0.0526,0.0,0.022
0.1016,0.0,0.023
0.1514,0.0,0.024
0.2013,0.0,0.025
0.2514,0.0,0.026
0.3013,0.0,0.027
0.3514,0.0,0.028
0.4021,0.0,0.029
0.452,0.0,0.03
0.5009,0.0,0.031
0.551,0.0,0.032
0.6013,0.0,0.033
0.652,0.0,0.034
0.7016,0.0,0.035
0.7511,0.0,0.036
0.8009,0.0,0.037
0.8516,0.0,0.038
0.9029,0.0,0.039
0.9516,0.0,0.04
1.0019,0.0,0.041
1.0518,0.0,0.042
1.1015,0.0,0.043
1.151,0.0,0.044
1.2016,0.0,0.045
1.2509,0.0,0.046
1.3017,0.0,0.047
1.3516,0.0,0.048
1.4017,0.0,0.049
1.4521,0.0,0.05
1.5016,0.0,0.051
1.5561,0.0,0.052
1.6016,0.0,0.053
1.6526,0.0,0.054
1.701,0.0,0.055
1.751,0.0,0.056
1.8016,0.0,0.057
1.8512,0.0,0.058
1.9011,0.0,0.059
1.9513,0.0,0.06
2.0018,0.0,0.061
2.0525,0.0,0.062
2.1016,0.0,0.063
2.1517,0.0,0.064
2.2009,0.0,0.065
2.2529,0.0,0.066
2.3023,0.0,0.067
2.3535,0.0,0.068
2.4029,0.0,0.069
2.4523,0.0,0.07
2.5015,0.0,0.071
2.5533,0.0,0.072
2.6013,0.0,0.073
2.6509,0.0,0.074
2.708,0.0,0.075
2.7515,0.0,0.076
2.801,0.0,0.077
2.8521,0.0,0.078
2.9018,0.0,0.079
2.9519,0.0,0.08
3.0017,0.0,0.081
3.053,0.0,0.082
3.1022,0.0,0.083
3.1524,0.0,0.084
3.2016,0.0,0.085
3.2517,0.0,0.086
3.3017,0.0,0.087
3.3517,0.0,0.088
3.4025,0.0,0.089
3.4517,0.0,0.09
3.5017,0.0,0.091
3.5512,0.0,0.092
3.6012,0.0,0.093
3.6514,0.0,0.094
3.7011,0.0,0.095
3.7558,0.0,0.096
3.8017,0.0,0.097
3.8511,0.0,0.098
3.902,0.0,0.099
3.9511,0.0,0.1
4.0019,0.0,0.101
4.051,0.0,0.102
4.1012,0.0,0.103
4.152,0.0,0.104
4.2016,0.0,0.105
4.2517,0.0,0.106
4.3028,0.0,0.107
4.3519,0.0,0.108
4.402,0.0,0.109
4.4511,0.0,0.11
4.5017,0.0,0.111
4.5522,0.0,0.112
4.6018,0.0,0.113
4.6516,0.0,0.114
4.7021,0.0,0.115
4.7526,0.0,0.116
4.8014,0.0,0.117
4.8518,0.0,0.118
4.9022,0.0,0.119
4.9518,0.0,0.12
5.0008,0.0,0.121
5.0517,0.0,0.122
5.1019,0.0,0.123
5.1517,0.0,0.124
5.2015,0.0,0.125
5.2516,0.0,0.126
5.302,0.0,0.127
5.3513,0.0,0.128
5.4011,0.0,0.129
5.4515,0.0,0.13
5.5015,0.0,0.131
5.5513,0.0,0.132
5.6013,0.0,0.133
5.6511,0.0,0.134
5.7017,0.0,0.135
5.7511,0.0,0.136
5.8011,0.0,0.137
5.8518,0.0,0.138
5.9009,0.0,0.139
5.9511,0.0,0.14
6.0012,0.0,0.141
6.051,0.0,0.142
6.1011,0.0,0.143
6.153,0.0,0.144
6.2008,0.0,0.145
6.2518,0.0,0.146
6.3016,0.0,0.147
6.353,0.0,0.148
6.4028,0.0,0.149
6.4508,0.0,0.15
6.5019,0.0,0.151
6.551,0.0,0.152
6.6011,0.0,0.153
6.6513,0.0,0.154
6.7012,0.0,0.155
6.7511,0.0,0.156
6.801,0.0,0.157
6.8518,0.0,0.158
6.901,0.0,0.159
6.9511,0.0,0.16
7.0012,0.0,0.161
7.0512,0.0,0.162
7.1011,0.0,0.163
7.1519,0.0,0.164
7.2016,0.0,0.165
7.251,0.0,0.166
7.301,0.0,0.167
7.3517,0.0,0.168
7.4008,0.0,0.169
7.4511,0.0,0.17
7.5013,0.0,0.171
7.5513,0.0,0.172
7.6011,0.0,0.173
7.6513,0.0,0.174
7.7012,0.0,0.175
7.7519,0.0,0.176
7.8011,0.0,0.177
7.8522,0.0,0.178
7.9019,0.0,0.179
7.9522,0.0,0.18
8.0036,0.0,0.181
8.0519,0.0,0.182
8.1019,0.0,0.183
8.1539,0.0,0.184
8.2018,0.0,0.185
8.2516,0.0,0.186
8.3017,0.0,0.187
8.3516,0.0,0.188
8.4016,0.0,0.189
8.4518,0.0,0.19
8.5019,0.0,0.191
8.5515,0.0,0.192
8.6028,0.0,0.193
8.6517,0.0,0.194
8.7017,0.0,0.195
8.7514,0.0,0.196
8.803,0.0,0.197
8.8516,0.0,0.198
8.9009,0.0,0.199
8.9519,0.0,0.2
9.0011,0.0,0.201
9.0521,0.0,0.202
9.1011,0.0,0.203
9.151,0.0,0.204
9.2011,0.0,0.205
9.252,0.0,0.206
9.3011,0.0,0.207
9.3524,0.0,0.208
9.4014,0.0,0.209
9.4553,0.0,0.21
9.5014,0.0,0.211
9.5511,0.0,0.212
9.6027,0.0,0.213
9.6516,0.0,0.214
9.7009,0.0,0.215
9.752,0.0,0.216
9.8018,0.0,0.217
9.8517,0.0,0.218
9.902,0.0,0.219
9.9524,0.0,0.22
10.0018,0.0,0.221
10.052,0.0,0.222
10.1032,0.0,0.223
10.1508,0.0,0.224
10.2022,0.0,0.225
10.2516,0.0,0.226
10.3014,0.0,0.227
10.352,0.0,0.228
10.4024,0.0,0.229
10.4516,0.0,0.23
10.5015,0.0,0.231
10.5519,0.0,0.232
10.6021,0.0,0.233
10.651,0.0,0.234
10.7017,0.0,0.235
10.7519,0.0,0.236
10.8022,0.0,0.237
10.8509,0.0,0.238
10.9016,0.0,0.239
10.9519,0.0,0.24
11.0017,0.0,0.241
11.0524,0.0,0.242
11.1027,0.0,0.243
11.1516,0.0,0.244
11.2017,0.0,0.245
11.252,0.0,0.246
11.302,0.0,0.247
11.3513,0.0,0.248
11.4035,0.0,0.249
11.452,0.0,0.25
11.502,0.0,0.251
11.5519,0.0,0.252
11.6011,0.0,0.253
11.6511,0.0,0.254
11.7029,0.0,0.255
11.7517,0.0,0.256
11.8009,0.0,0.257
11.8515,0.0,0.258
11.9018,0.0,0.259
11.9509,0.0,0.26
12.0012,0.0,0.261
12.0519,0.0,0.262
12.1029,0.0,0.263
12.1511,0.0,0.264
12.202,0.0,0.265
12.2516,0.0,0.266
12.3017,0.0,0.267
12.3516,0.0,0.268
12.4016,0.0,0.269
12.4525,0.0,0.27
12.5016,0.0,0.271
12.5517,0.0,0.272
12.6008,0.0,0.273
12.6523,0.0,0.274
12.7087,0.0,0.275
12.7519,0.0,0.276
12.8049,0.0,0.277
12.8518,0.0,0.278
12.9017,0.0,0.279
12.9531,0.0,0.28
13.0033,0.0,0.281
13.0545,0.0,0.282
13.101,0.0,0.283
13.1516,0.0,0.284
13.201,0.0,0.285
13.2513,0.0,0.286
13.3013,0.0,0.287
13.3511,0.0,0.288
13.4017,0.0,0.289
13.4518,0.0,0.29
13.5042,0.0,0.291
13.5511,0.0,0.292
13.6016,0.0,0.293
13.6518,0.0,0.294
13.7009,0.0,0.295
13.751,0.0,0.296
13.801,0.0,0.297
13.851,0.0,0.298
13.9012,0.0,0.299
13.9511,0.0,0.3
14.0011,0.0,0.301
14.0512,0.0,0.302
14.1012,0.0,0.303
14.1512,0.0,0.304
14.2019,0.0,0.305
14.2509,0.0,0.306
14.3027,0.0,0.307
14.3513,0.0,0.308
14.4011,0.0,0.309
14.4511,0.0,0.31
14.5021,0.0,0.311
14.5522,0.0,0.312
14.6012,0.0,0.313
14.6516,0.0,0.314
14.7024,0.0,0.315
14.7516,0.0,0.316
14.8013,0.0,0.317
14.852,0.0,0.318
14.9014,0.0,0.319
14.9516,0.0,0.32
15.0016,0.0,0.321
15.0516,0.0,0.322
15.1013,0.0,0.323
15.1514,0.0,0.324
15.2011,0.0,0.325
15.2513,0.0,0.326
15.3011,0.0,0.327
15.3518,0.0,0.328
15.4017,0.0,0.329
15.4517,0.0,0.33
15.5016,0.0,0.331
15.5512,0.0,0.332
15.6019,0.0,0.333
15.652,0.0,0.334
15.7017,0.0,0.335
15.7517,0.0,0.336
15.8017,0.0,0.337
15.8523,0.0,0.338
15.9025,0.0,0.339
15.9528,0.0,0.34
16.0017,0.0,0.341
16.0516,0.0,0.342
16.1017,0.0,0.343
16.1516,0.0,0.344
16.2018,0.0,0.345
16.2518,0.0,0.346
16.302,0.0,0.347
16.3535,0.0,0.348
16.4017,0.0,0.349
16.4509,0.0,0.35
16.5016,0.0,0.351
16.5518,0.0,0.352
16.6018,0.0,0.353
16.6527,0.0,0.354
16.7041,0.0,0.355
16.7525,0.0,0.356
16.8012,0.0,0.357
16.8511,0.0,0.358
16.9011,0.0,0.359
16.9511,0.0,0.36
17.0011,0.0,0.361
17.0511,0.0,0.362
17.1026,0.0,0.363
17.1534,0.0,0.364
17.2045,0.0,0.365
17.2511,0.0,0.366
17.3012,0.0,0.367
17.3512,0.0,0.368
17.4011,0.0,0.369
17.4514,0.0,0.37
17.5016,0.0,0.371
17.5517,0.0,0.372
17.6012,0.0,0.373
17.657,0.0,0.374
17.7008,0.0,0.375
17.7511,0.0,0.376
17.807,0.0,0.377
17.8508,0.0,0.378
17.9009,0.0,0.379
17.9537,0.0,0.38
18.0012,0.0,0.381
18.0512,0.0,0.382
18.1013,0.0,0.383
18.1512,0.0,0.384
18.2016,0.0,0.385
18.2513,0.0,0.386
18.3018,0.0,0.387
18.3516,0.0,0.388
18.4011,0.0,0.389
18.4513,0.0,0.39
18.5016,0.0,0.391
18.551,0.0,0.392
18.6013,0.0,0.393
18.6511,0.0,0.394
18.7013,0.0,0.395
18.7513,0.0,0.396
18.8016,0.0,0.397
18.8512,0.0,0.398
18.9019,0.0,0.399
18.9524,0.0,0.4
19.0014,0.0,0.401
19.0513,0.0,0.402
19.1013,0.0,0.403
19.1526,0.0,0.404
19.2024,0.0,0.405
19.2512,0.0,0.406
19.3012,0.0,0.407
19.3516,0.0,0.408
19.4021,0.0,0.409
19.4512,0.0,0.41
19.501,0.0,0.411
19.5513,0.0,0.412
19.6013,0.0,0.413
19.6512,0.0,0.414
19.7016,0.0,0.415
19.7512,0.0,0.416
19.8016,0.0,0.417
19.8521,0.0,0.418
19.901,0.0,0.419
19.953,0.0,0.42
20.0056,0.0,0.421
20.0511,0.0,0.422
20.1054,0.0,0.423
20.1511,0.0,0.424
20.2009,0.0,0.425
20.2519,0.0,0.426
20.3018,0.0,0.427
20.3511,0.0,0.428
20.4018,0.0,0.429
20.4514,0.0,0.43
20.5023,0.0,0.431
20.5512,0.0,0.432
20.6021,0.0,0.433
20.6517,0.0,0.434
20.7017,0.0,0.435
20.7514,0.0,0.436
20.803,0.0,0.437
20.8509,0.0,0.438
20.902,0.0,0.439
20.951,0.0,0.44
21.0016,0.0,0.441
21.0514,0.0,0.442
21.1011,0.0,0.443
21.153,0.0,0.444
21.2016,0.0,0.445
21.2516,0.0,0.446
21.3023,0.0,0.447
21.351,0.0,0.448
21.4016,0.0,0.449
21.4674,0.0,0.45
21.5011,0.0,0.451
21.5514,0.0,0.452
21.6014,0.0,0.453
21.6518,0.0,0.454
21.7028,0.0,0.455
21.7516,0.0,0.456
21.8009,0.0,0.457
21.8517,0.0,0.458
21.9012,0.0,0.459
21.9517,0.0,0.46
22.0011,0.0,0.461
22.0526,0.0,0.462
22.1021,0.0,0.463
22.1509,0.0,0.464
22.2014,0.0,0.465
22.2517,0.0,0.466
22.3014,0.0,0.467
22.3516,0.0,0.468
22.4024,0.0,0.469
22.4522,0.0,0.47
22.5012,0.0,0.471
22.5512,0.0,0.472
22.6026,0.0,0.473
22.6511,0.0,0.474
22.7012,0.0,0.475
22.7515,0.0,0.476
22.8011,0.0,0.477
22.851,0.0,0.478
22.9015,0.0,0.479
22.9518,0.0,0.48
23.0016,0.0,0.481
23.0511,0.0,0.482
23.1011,0.0,0.483
23.152,0.0,0.484
23.2014,0.0,0.485
23.2517,0.0,0.486
23.3011,0.0,0.487
23.3525,0.0,0.488
23.4012,0.0,0.489
23.4509,0.0,0.49
23.5012,0.0,0.491
23.5514,0.0,0.492
23.6022,0.0,0.493
23.6517,0.0,0.494
23.7012,0.0,0.495
23.7519,0.0,0.496
23.801,0.0,0.497
23.8516,0.0,0.498
23.9118,0.0,0.499
23.9555,0.0,0.5
24.0015,0.0,0.501
24.0513,0.0,0.502
24.1017,0.0,0.503
24.1517,0.0,0.504
24.2018,0.0,0.505
24.251,0.0,0.506
24.3014,0.0,0.507
24.3516,0.0,0.508
24.4016,0.0,0.509
24.4533,0.0,0.51
24.5024,0.0,0.511
24.5522,0.0,0.512
24.6042,0.0,0.513
24.6517,0.0,0.514
24.7013,0.0,0.515
24.7516,0.0,0.516
24.8025,0.0,0.517
24.8513,0.0,0.518
24.9011,0.0,0.519
24.9516,0.0,0.52
25.0011,0.0,0.521
25.0513,0.0,0.522
25.1015,0.0,0.523
25.1526,0.0,0.524
25.2015,0.0,0.525
25.2509,0.0,0.526
25.3057,0.0,0.527
25.3515,0.0,0.528
25.4009,0.0,0.529
25.4514,0.0,0.53
25.5013,0.0,0.531
25.5513,0.0,0.532
25.6017,0.0,0.533
25.6515,0.0,0.534
25.7013,0.0,0.535
25.7513,0.0,0.536
25.8014,0.0,0.537
25.8511,0.0,0.538
25.902,0.0,0.539
25.9512,0.0,0.54
26.0011,0.0,0.541
26.0515,0.0,0.542
26.1017,0.0,0.543
26.1523,0.0,0.544
26.201,0.0,0.545
26.2512,0.0,0.546
26.3012,0.0,0.547
26.3512,0.0,0.548
26.4033,0.0,0.549
26.4525,0.0,0.55
26.5013,0.0,0.551
26.5555,0.0,0.552
26.6015,0.0,0.553
26.6513,0.0,0.554
26.7014,0.0,0.555
26.7531,0.0,0.556
26.8012,0.0,0.557
26.8517,0.0,0.558
26.9016,0.0,0.559
26.9515,0.0,0.56
27.0012,0.0,0.561
27.0523,0.0,0.562
27.101,0.0,0.563
27.1511,0.0,0.564
27.2022,0.0,0.565
27.2518,0.0,0.566
27.3009,0.0,0.567
27.3513,0.0,0.568
27.4012,0.0,0.569
27.4574,0.0,0.57
27.5011,0.0,0.571
27.5545,0.0,0.572
27.6017,0.0,0.573
27.6509,0.0,0.574
27.7012,0.0,0.575
27.7512,0.0,0.576
27.8016,0.0,0.577
27.8516,0.0,0.578
27.9019,0.0,0.579
27.9518,0.0,0.58
28.003,0.0,0.581
28.0512,0.0,0.582
28.1009,0.0,0.583
28.1511,0.0,0.584
28.2011,0.0,0.585
28.2564,0.0,0.586
28.3018,0.0,0.587
28.3511,0.0,0.588
28.4011,0.0,0.589
28.4511,0.0,0.59
28.5012,0.0,0.591
28.5518,0.0,0.592
28.6011,0.0,0.593
28.6532,0.0,0.594
28.7011,0.0,0.595
28.7512,0.0,0.596
28.8062,0.0,0.597
28.8516,0.0,0.598
28.9011,0.0,0.599
28.9543,0.0,0.6
29.0021,0.0,0.601
29.051,0.0,0.602
29.1019,0.0,0.603
29.1512,0.0,0.604
29.2011,0.0,0.605
29.2511,0.0,0.606
29.3049,0.0,0.607
29.3512,0.0,0.608
29.4011,0.0,0.609
29.4517,0.0,0.61
29.5016,0.0,0.611
29.5511,0.0,0.612
29.6023,0.0,0.613
29.6513,0.0,0.614
29.701,0.0,0.615
29.7519,0.0,0.616
29.8014,0.0,0.617
29.8514,0.0,0.618
29.9016,0.0,0.619
29.9513,0.0,0.62
30.0013,0.0,0.621
30.0523,0.0,0.622
30.1009,0.0,0.623
30.1525,0.0,0.624
30.2011,0.0,0.625
30.2511,0.0,0.626
30.3013,0.0,0.627
30.3513,0.0,0.628
30.4016,0.0,0.629
30.4516,0.0,0.63
30.5009,0.0,0.631
30.5511,0.0,0.632
30.6012,0.0,0.633
30.6511,0.0,0.634
30.7012,0.0,0.635
30.7513,0.0,0.636
30.8019,0.0,0.637
30.8513,0.0,0.638
30.902,0.0,0.639
30.9509,0.0,0.64
31.001,0.0,0.641
31.0518,0.0,0.642
31.1017,0.0,0.643
31.1512,0.0,0.644
31.2027,0.0,0.645
31.2516,0.0,0.646
31.301,0.0,0.647
31.3512,0.0,0.648
31.4012,0.0,0.649
31.4511,0.0,0.65
31.5013,0.0,0.651
31.5511,0.0,0.652
31.6016,0.0,0.653
31.651,0.0,0.654
31.7019,0.0,0.655
31.7512,0.0,0.656
31.8017,0.0,0.657
31.851,0.0,0.658
31.901,0.0,0.659
31.9521,0.0,0.66
32.0015,0.0,0.661
32.0514,0.0,0.662
32.1022,0.0,0.663
32.1518,0.0,0.664
32.2015,0.0,0.665
32.2517,0.0,0.666
32.3011,0.0,0.667
32.3516,0.0,0.668
32.402,0.0,0.669
32.4516,0.0,0.67
32.5027,0.0,0.671
32.5517,0.0,0.672
32.6017,0.0,0.673
32.6519,0.0,0.674
32.701,0.0,0.675
32.7517,0.0,0.676
32.8016,0.0,0.677
32.8523,0.0,0.678
32.9011,0.0,0.679
32.9511,0.0,0.68
33.0016,0.0,0.681
33.051,0.0,0.682
33.101,0.0,0.683
33.1517,0.0,0.684
33.2016,0.0,0.685
33.2518,0.0,0.686
33.3016,0.0,0.687
33.3532,0.0,0.688
33.401,0.0,0.689
33.452,0.0,0.69
33.5045,0.0,0.691
33.5543,0.0,0.692
33.6018,0.0,0.693
33.6523,0.0,0.694
33.7034,0.0,0.695
33.751,0.0,0.696
33.8027,0.0,0.697
33.851,0.0,0.698
33.902,0.0,0.699
33.9526,0.0,0.7
34.0018,0.0,0.701
34.0519,0.0,0.702
34.1019,0.0,0.703
34.1515,0.0,0.704
34.2017,0.0,0.705
34.2517,0.0,0.706
34.3009,0.0,0.707
34.3516,0.0,0.708
34.4016,0.0,0.709
34.4524,0.0,0.71
34.5044,0.0,0.711
34.5513,0.0,0.712
34.602,0.0,0.713
34.6518,0.0,0.714
34.7014,0.0,0.715
34.752,0.0,0.716
34.8014,0.0,0.717
34.8518,0.0,0.718
34.9029,0.0,0.719
34.9525,0.0,0.72
35.0016,0.0,0.721
35.0567,0.0,0.722
35.106,0.0,0.723
35.1532,0.0,0.724
35.201,0.0,0.725
35.2514,0.0,0.726
35.3015,0.0,0.727
35.3527,0.0,0.728
35.401,0.0,0.729
35.4559,0.0,0.73
35.5019,0.0,0.731
35.5511,0.0,0.732
35.601,0.0,0.733
35.6516,0.0,0.734
35.7013,0.0,0.735
35.7511,0.0,0.736
35.8013,0.0,0.737
35.8512,0.0,0.738
35.9011,0.0,0.739
35.951,0.0,0.74
36.0012,0.0,0.741
36.0616,0.0,0.742
36.105,0.0,0.743
36.1518,0.0,0.744
36.2019,0.0,0.745
36.2517,0.0,0.746
36.3016,0.0,0.747
36.3519,0.0,0.748
36.4039,0.0,0.749
36.4519,0.0,0.75
36.5032,0.0,0.751
36.5508,0.0,0.752
36.602,0.0,0.753
36.6513,0.0,0.754
36.7014,0.0,0.755
36.7513,0.0,0.756
36.8016,0.0,0.757
36.8522,0.0,0.758
36.9052,0.0,0.759
36.9519,0.0,0.76
37.001,0.0,0.761
37.0512,0.0,0.762
37.1022,0.0,0.763
37.1514,0.0,0.764
37.2015,0.0,0.765
37.2511,0.0,0.766
37.3013,0.0,0.767
37.3512,0.0,0.768
37.4014,0.0,0.769
37.4514,0.0,0.77
37.5021,0.0,0.771
37.5517,0.0,0.772
37.6011,0.0,0.773
37.6518,0.0,0.774
37.703,0.0,0.775
37.7519,0.0,0.776
37.8012,0.0,0.777
37.8513,0.0,0.778
37.9056,0.0,0.779
37.951,0.0,0.78
38.002,0.0,0.781
38.0517,0.0,0.782
38.1018,0.0,0.783
38.1518,0.0,0.784
38.2018,0.0,0.785
38.2513,0.0,0.786
38.3013,0.0,0.787
38.3518,0.0,0.788
38.4012,0.0,0.789
38.4516,0.0,0.79
38.5016,0.0,0.791
38.5516,0.0,0.792
38.606,0.0,0.793
38.653,0.0,0.794
38.7025,0.0,0.795
38.7523,0.0,0.796
38.8024,0.0,0.797
38.8514,0.0,0.798
38.9032,0.0,0.799
38.9511,0.0,0.8
39.0013,0.0,0.799
39.0523,0.0,0.798
39.1012,0.0,0.797
39.151,0.0,0.796
39.201,0.0,0.795
39.2523,0.0,0.794
39.3012,0.0,0.793
39.3583,0.0,0.792
39.401,0.0,0.791
39.451,0.0,0.79
39.501,0.0,0.789
39.5511,0.0,0.788
39.6011,0.0,0.787
39.6512,0.0,0.786
39.7011,0.0,0.785
39.7511,0.0,0.784
39.8012,0.0,0.783
39.8511,0.0,0.782
39.9023,0.0,0.781
39.951,0.0,0.78
40.0037,0.0,0.779
40.0525,0.0,0.778
40.1009,0.0,0.777
40.1521,0.0,0.776
40.201,0.0,0.775
40.2509,0.0,0.774
40.3019,0.0,0.773
40.3512,0.0,0.772
40.401,0.0,0.771
40.451,0.0,0.77
40.5012,0.0,0.769
40.5511,0.0,0.768
40.6013,0.0,0.767
40.6511,0.0,0.766
40.7011,0.0,0.765
40.7511,0.0,0.764
40.8013,0.0,0.763
40.851,0.0,0.762
40.9013,0.0,0.761
40.9511,0.0,0.76
41.0012,0.0,0.759
41.051,0.0,0.758
41.101,0.0,0.757
41.151,0.0,0.756
41.2013,0.0,0.755
41.2515,0.0,0.754
41.3016,0.0,0.753
41.3516,0.0,0.752
41.402,0.0,0.751
41.4517,0.0,0.75
41.5034,0.0,0.749
41.5511,0.0,0.748
41.6029,0.0,0.747
41.6512,0.0,0.746
41.7013,0.0,0.745
41.7512,0.0,0.744
41.8011,0.0,0.743
41.8512,0.0,0.742
41.9013,0.0,0.741
41.9514,0.0,0.74
42.0011,0.0,0.739
42.051,0.0,0.738
42.1045,0.0,0.737
42.1529,0.0,0.736
42.2012,0.0,0.735
42.2513,0.0,0.734
42.3023,0.0,0.733
42.3513,0.0,0.732
42.4012,0.0,0.731
42.4511,0.0,0.73
42.5011,0.0,0.729
42.5511,0.0,0.728
42.6011,0.0,0.727
42.6521,0.0,0.726
42.7018,0.0,0.725
42.7522,0.0,0.724
42.8012,0.0,0.723
42.8522,0.0,0.722
42.9017,0.0,0.721
42.9521,0.0,0.72
43.0011,0.0,0.719
43.0511,0.0,0.718
43.1016,0.0,0.717
43.1517,0.0,0.716
43.2011,0.0,0.715
43.2511,0.0,0.714
43.3019,0.0,0.713
43.3516,0.0,0.712
43.4023,0.0,0.711
43.4516,0.0,0.71
43.5009,0.0,0.709
43.5516,0.0,0.708
43.6017,0.0,0.707
43.6516,0.0,0.706
43.702,0.0,0.705
43.7533,0.0,0.704
43.8025,0.0,0.703
43.8514,0.0,0.702
43.9027,0.0,0.701
43.9522,0.0,0.7
44.0019,0.0,0.699
44.0537,0.0,0.698
44.109,0.0,0.697
44.1519,0.0,0.696
44.201,0.0,0.695
44.2516,0.0,0.694
44.3017,0.0,0.693
44.3516,0.0,0.692
44.4095,0.0,0.691
44.4515,0.0,0.69
0.0007,0,0.024
0.0519,0.0,0.028
0.1121,18.8,0.032
0.1537,23.0,0.036
0.2028,60.1,0.04
0.2521,107.0,0.044
0.3015,140.2,0.048
0.3514,172.8,0.052
0.4016,203.3,0.056
0.4514,227.0,0.06
0.5037,255.4,0.064
0.5528,273.2,0.068
0.6035,296.2,0.072
0.6521,319.1,0.076
0.7015,340.5,0.08
0.7525,361.6,0.084
0.8069,383.2,0.088
0.8528,407.7,0.092
0.902,424.5,0.096
0.9525,446.3,0.1
1.0023,467.1,0.104
1.0527,490.1,0.108
1.1087,517.1,0.112
1.1523,531.0,0.116
1.2038,552.6,0.12
1.2609,578.1,0.124
1.3021,592.9,0.128
1.3526,614.3,0.132
1.4038,639.2,0.136
1.4519,663.9,0.14
1.5032,678.7,0.144
1.5521,700.2,0.148
1.6031,719.7,0.152
1.6528,744.6,0.156
1.711,763.3,0.16
1.7535,787.4,0.164
1.807,810.6,0.168
1.8539,822.3,0.172
1.9031,846.0,0.176
1.9605,875.0,0.18
2.0023,888.4,0.184
2.0547,918.5,0.188
2.1023,935.2,0.192
2.1528,955.9,0.196
2.2011,986.4,0.2
2.2593,997.6,0.204
2.3025,1020.7,0.208
2.3524,1039.6,0.212
2.402,1060.6,0.216
2.4518,1089.0,0.22
2.5019,1112.6,0.224
2.5602,1139.3,0.228
2.6023,1147.3,0.232
2.6548,1171.2,0.236
2.7017,1193.6,0.24
2.752,1213.5,0.244
2.8019,1236.0,0.248
2.8559,1260.4,0.252
2.9019,1270.5,0.256
2.9516,1291.7,0.26
3.002,1314.7,0.264
3.0519,1348.6,0.268
3.1023,1362.1,0.272
3.1526,1387.3,0.276
3.2031,1400.0,0.28
3.2518,1405.9,0.284
3.3019,1435.6,0.288
3.3591,1466.5,0.292
3.4015,1493.9,0.296
3.4515,1502.0,0.3
3.5061,1532.6,0.304
3.553,1556.4,0.308
3.6027,1576.3,0.312
3.6536,1596.9,0.316
3.7026,1608.7,0.32
3.7528,1633.3,0.324
3.8044,1666.3,0.328
3.8527,1662.3,0.332
3.9018,1696.9,0.336
3.9522,1710.1,0.34
4.0018,1730.2,0.344
4.0517,1759.6,0.348
4.1019,1770.6,0.352
4.1529,1794.6,0.356
4.2025,1815.3,0.36
4.2527,1837.6,0.364
4.3023,1858.0,0.368
4.3543,1871.9,0.372
4.4017,1906.8,0.376
4.4521,1919.2,0.38
4.5028,1946.4,0.384
4.552,1966.6,0.388
4.6029,1980.8,0.392
4.6518,2001.5,0.396
4.7056,2035.2,0.4
4.7523,2042.1,0.404
4.8027,2065.2,0.408
4.8521,2087.0,0.412
4.9021,2105.9,0.416
4.9524,2134.2,0.42
5.0023,2142.6,0.424
5.0524,2175.9,0.428
5.1021,2191.7,0.432
5.1535,2207.7,0.436
5.2023,2237.6,0.44
5.2515,2250.7,0.444
5.305,2275.2,0.448
5.3526,2298.1,0.452
5.4021,2311.4,0.456
5.4529,2341.7,0.46
5.5023,2364.3,0.464
5.5526,2386.9,0.468
5.602,2411.3,0.472
5.6522,2427.7,0.476
5.709,2451.2,0.48
5.7523,2456.2,0.484
5.8062,2490.5,0.488
5.8535,2497.6,0.492
5.903,2533.5,0.496
5.953,2541.0,0.5
6.0013,2572.9,0.504
6.0517,2584.3,0.508
6.1015,2608.3,0.512
6.1528,2636.6,0.516
6.2023,2647.2,0.52
6.2553,2673.0,0.524
6.3027,2690.5,0.528
6.3593,2712.4,0.532
6.4025,2727.6,0.536
6.4551,2756.4,0.54
6.503,2776.1,0.544
6.5553,2795.1,0.548
6.6022,2819.1,0.552
6.6524,2841.2,0.556
6.7043,2855.4,0.56
6.754,2887.3,0.564
6.802,2895.2,0.568
6.8555,2920.1,0.572
6.9026,2942.6,0.576
6.9533,2968.8,0.58
7.0018,2985.1,0.584
7.0517,3004.8,0.588
7.1021,3020.4,0.592
7.1535,3049.5,0.596
7.2025,3069.8,0.6
7.2524,3087.5,0.604
7.302,3104.9,0.608
7.3523,3119.6,0.612
7.4044,3144.3,0.616
7.4523,3171.9,0.62
7.5028,3189.3,0.624
7.5521,3212.5,0.628
7.6021,3229.0,0.632
7.6525,3254.6,0.636
7.7023,3267.1,0.64
7.7548,3295.9,0.644
7.8028,3303.1,0.648
7.8531,3331.9,0.652
7.9024,3344.4,0.656
7.9518,3364.7,0.66
8.002,3384.9,0.664
8.0517,3400.9,0.668
8.1016,3422.9,0.672
8.1516,3449.0,0.676
8.2017,3465.8,0.68
8.2515,3497.1,0.684
8.3014,3516.6,0.688
8.3516,3539.3,0.692
8.4043,3554.3,0.696
8.4517,3573.5,0.7
8.5016,3595.2,0.704
8.5517,3613.6,0.708
8.6017,3632.3,0.712
8.6532,3654.4,0.716
8.7111,3672.4,0.72
8.752,3687.5,0.724
8.8134,3718.9,0.728
8.8515,3734.5,0.732
8.9017,3764.8,0.736
8.9573,3775.2,0.74
9.0017,3796.0,0.744
9.0534,3824.1,0.748
9.1016,3846.3,0.752
9.1519,3853.6,0.756
9.2017,3879.2,0.76
9.2521,3903.5,0.764
9.3039,3924.6,0.768
9.3526,3945.4,0.772
9.4025,3971.2,0.776
9.4527,3999.9,0.78
9.5024,4009.9,0.784
9.5534,4034.5,0.788
9.6042,4051.9,0.792
9.6532,4080.7,0.796
9.7027,4094.4,0.8
9.7605,4118.1,0.796
9.8025,4132.8,0.792
9.8532,4130.8,0.788
9.9027,4145.4,0.784
9.9524,4134.8,0.78
10.0023,4143.7,0.776
10.0524,4113.3,0.772
10.1025,4116.1,0.768
10.1579,4093.2,0.764
10.2028,4079.6,0.76
10.2526,4054.7,0.756
10.3023,4037.4,0.752
10.3524,4024.7,0.748
10.412,3991.1,0.744
10.452,3990.3,0.74
10.5024,3970.2,0.736
10.5527,3949.2,0.732
10.6022,3919.0,0.728
10.6553,3903.1,0.724
10.7014,3878.3,0.72
10.7522,3858.8,0.716
10.8024,3830.8,0.712
10.8528,3801.8,0.708
10.9021,3792.4,0.704
10.9528,3776.9,0.7
